id,date,date_gmt,guid__rendered,modified,modified_gmt,slug,status,type,link,title__rendered,author,comment_status,ping_status,template,description__rendered,caption__rendered,alt_text,media_type,mime_type,media_details__width,media_details__height,media_details__file,media_details__sizes__|,media_details__sizes__|__file,media_details__sizes__|__width,media_details__sizes__|__height,media_details__sizes__|__mime_type,media_details__sizes__|__source_url,media_details__image_meta__aperture,media_details__image_meta__credit,media_details__image_meta__camera,media_details__image_meta__caption,media_details__image_meta__created_timestamp,media_details__image_meta__copyright,media_details__image_meta__focal_length,media_details__image_meta__iso,media_details__image_meta__shutter_speed,media_details__image_meta__title,media_details__image_meta__orientation,post,source_url,_links__|,_links__|__attributes__embeddable,_links__|__href
171139,2019-02-19T00:19:14,2019-02-19T08:19:14,https://dab1nmslvvntp.cloudfront.net/wp-content/uploads/2019/02/1550564354mitchell-orr-389605-unsplash.jpg,2019-02-19T00:19:14,2019-02-19T08:19:14,mitchell-orr-389605-unsplash,inherit,attachment,https://www.sitepoint.com/xmlhttprequest-vs-the-fetch-api-whats-best-for-ajax-in-2019/mitchell-orr-389605-unsplash/,mitchell-orr-389605-unsplash,71109,open,closed,,"<p class=""attachment""><a href='https://dab1nmslvvntp.cloudfront.net/wp-content/uploads/2019/02/1550564354mitchell-orr-389605-unsplash.jpg'><img width=""300"" height=""200"" src=""https://dab1nmslvvntp.cloudfront.net/wp-content/uploads/2019/02/1550564354mitchell-orr-389605-unsplash-300x200.jpg"" class=""attachment-medium size-medium"" alt="""" srcset=""https://dab1nmslvvntp.cloudfront.net/wp-content/uploads/2019/02/1550564354mitchell-orr-389605-unsplash-300x200.jpg 300w, https://dab1nmslvvntp.cloudfront.net/wp-content/uploads/2019/02/1550564354mitchell-orr-389605-unsplash-768x512.jpg 768w, https://dab1nmslvvntp.cloudfront.net/wp-content/uploads/2019/02/1550564354mitchell-orr-389605-unsplash.jpg 1000w"" sizes=""(max-width: 300px) 100vw, 300px"" /></a></p>\n",,,image,image/jpeg,1000,667,2019/02/1550564354mitchell-orr-389605-unsplash.jpg,thumbnail,1550564354mitchell-orr-389605-unsplash-150x150.jpg,150,150,image/jpeg,https://dab1nmslvvntp.cloudfront.net/wp-content/uploads/2019/02/1550564354mitchell-orr-389605-unsplash-150x150.jpg,0,,,,0,,0,0,0,,1,171136,https://dab1nmslvvntp.cloudfront.net/wp-content/uploads/2019/02/1550564354mitchell-orr-389605-unsplash.jpg,self,,https://www.sitepoint.com/wp-json/wp/v2/media/171139
171135,2019-02-18T21:41:50,2019-02-19T05:41:50,https://dab1nmslvvntp.cloudfront.net/wp-content/uploads/2019/02/1550554910dashboard.png,2019-02-18T21:41:50,2019-02-19T05:41:50,dashboard-18,inherit,attachment,https://www.sitepoint.com/dashboard-18/,dashboard,72661,open,closed,,"<p class=""attachment""><a href='https://dab1nmslvvntp.cloudfront.net/wp-content/uploads/2019/02/1550554910dashboard.png'><img width=""300"" height=""188"" src=""https://dab1nmslvvntp.cloudfront.net/wp-content/uploads/2019/02/1550554910dashboard-300x188.png"" class=""attachment-medium size-medium"" alt="""" srcset=""https://dab1nmslvvntp.cloudfront.net/wp-content/uploads/2019/02/1550554910dashboard-300x188.png 300w, https://dab1nmslvvntp.cloudfront.net/wp-content/uploads/2019/02/1550554910dashboard-768x480.png 768w, https://dab1nmslvvntp.cloudfront.net/wp-content/uploads/2019/02/1550554910dashboard-1024x641.png 1024w, https://dab1nmslvvntp.cloudfront.net/wp-content/uploads/2019/02/1550554910dashboard.png 1298w"" sizes=""(max-width: 300px) 100vw, 300px"" /></a></p>\n",,,image,image/png,1298,812,2019/02/1550554910dashboard.png,thumbnail,1550554910dashboard-150x150.png,150,150,image/png,https://dab1nmslvvntp.cloudfront.net/wp-content/uploads/2019/02/1550554910dashboard-150x150.png,0,,,,0,,0,0,0,,0,null,https://dab1nmslvvntp.cloudfront.net/wp-content/uploads/2019/02/1550554910dashboard.png,self,,https://www.sitepoint.com/wp-json/wp/v2/media/171135
171129,2019-02-18T20:16:06,2019-02-19T04:16:06,https://dab1nmslvvntp.cloudfront.net/wp-content/uploads/2019/02/1550549766home-code-screen.svg,2019-02-18T20:16:06,2019-02-19T04:16:06,home-code-screen,inherit,attachment,https://www.sitepoint.com/home-code-screen/,home-code-screen,72702,open,closed,,"<p class=""attachment""><a href='https://dab1nmslvvntp.cloudfront.net/wp-content/uploads/2019/02/1550549766home-code-screen.svg'><img width=""1"" height=""1"" src=""https://dab1nmslvvntp.cloudfront.net/wp-content/uploads/2019/02/1550549766home-code-screen.svg"" class=""attachment-medium size-medium"" alt="""" /></a></p>\n",,,image,image/svg+xml,,,,,,,,,,,,,,,,,,,,,null,https://dab1nmslvvntp.cloudfront.net/wp-content/uploads/2019/02/1550549766home-code-screen.svg,self,,https://www.sitepoint.com/wp-json/wp/v2/media/171129
171128,2019-02-18T20:15:52,2019-02-19T04:15:52,https://dab1nmslvvntp.cloudfront.net/wp-content/uploads/2019/02/1550549752home-hero-background.png,2019-02-18T20:15:52,2019-02-19T04:15:52,home-hero-background,inherit,attachment,https://www.sitepoint.com/home-hero-background/,home-hero-background,72702,open,closed,,"<p class=""attachment""><a href='https://dab1nmslvvntp.cloudfront.net/wp-content/uploads/2019/02/1550549752home-hero-background.png'><img width=""300"" height=""163"" src=""https://dab1nmslvvntp.cloudfront.net/wp-content/uploads/2019/02/1550549752home-hero-background-300x163.png"" class=""attachment-medium size-medium"" alt="""" srcset=""https://dab1nmslvvntp.cloudfront.net/wp-content/uploads/2019/02/1550549752home-hero-background-300x163.png 300w, https://dab1nmslvvntp.cloudfront.net/wp-content/uploads/2019/02/1550549752home-hero-background-768x417.png 768w, https://dab1nmslvvntp.cloudfront.net/wp-content/uploads/2019/02/1550549752home-hero-background-1024x556.png 1024w, https://dab1nmslvvntp.cloudfront.net/wp-content/uploads/2019/02/1550549752home-hero-background.png 1198w"" sizes=""(max-width: 300px) 100vw, 300px"" /></a></p>\n",,,image,image/png,1198,651,2019/02/1550549752home-hero-background.png,thumbnail,1550549752home-hero-background-150x150.png,150,150,image/png,https://dab1nmslvvntp.cloudfront.net/wp-content/uploads/2019/02/1550549752home-hero-background-150x150.png,0,,,,0,,0,0,0,,0,null,https://dab1nmslvvntp.cloudfront.net/wp-content/uploads/2019/02/1550549752home-hero-background.png,self,,https://www.sitepoint.com/wp-json/wp/v2/media/171128
171126,2019-02-18T19:46:09,2019-02-19T03:46:09,https://dab1nmslvvntp.cloudfront.net/wp-content/uploads/2019/02/155054796924.jpg,2019-02-18T19:46:09,2019-02-19T03:46:09,24-7,inherit,attachment,https://www.sitepoint.com/5-core-elements-for-building-award-winning-one-page-websites/24-7/,24,71109,open,closed,,"<p class=""attachment""><a href='https://dab1nmslvvntp.cloudfront.net/wp-content/uploads/2019/02/155054796924.jpg'><img width=""300"" height=""147"" src=""https://dab1nmslvvntp.cloudfront.net/wp-content/uploads/2019/02/155054796924-300x147.jpg"" class=""attachment-medium size-medium"" alt="""" srcset=""https://dab1nmslvvntp.cloudfront.net/wp-content/uploads/2019/02/155054796924-300x147.jpg 300w, https://dab1nmslvvntp.cloudfront.net/wp-content/uploads/2019/02/155054796924-768x377.jpg 768w, https://dab1nmslvvntp.cloudfront.net/wp-content/uploads/2019/02/155054796924.jpg 1000w"" sizes=""(max-width: 300px) 100vw, 300px"" /></a></p>\n",,,image,image/jpeg,1000,491,2019/02/155054796924.jpg,thumbnail,155054796924-150x150.jpg,150,150,image/jpeg,https://dab1nmslvvntp.cloudfront.net/wp-content/uploads/2019/02/155054796924-150x150.jpg,0,,,,0,,0,0,0,,0,171100,https://dab1nmslvvntp.cloudfront.net/wp-content/uploads/2019/02/155054796924.jpg,self,,https://www.sitepoint.com/wp-json/wp/v2/media/171126
171125,2019-02-18T19:46:08,2019-02-19T03:46:08,https://dab1nmslvvntp.cloudfront.net/wp-content/uploads/2019/02/155054796823.jpg,2019-02-18T19:46:08,2019-02-19T03:46:08,23-7,inherit,attachment,https://www.sitepoint.com/5-core-elements-for-building-award-winning-one-page-websites/23-7/,23,71109,open,closed,,"<p class=""attachment""><a href='https://dab1nmslvvntp.cloudfront.net/wp-content/uploads/2019/02/155054796823.jpg'><img width=""300"" height=""148"" src=""https://dab1nmslvvntp.cloudfront.net/wp-content/uploads/2019/02/155054796823-300x148.jpg"" class=""attachment-medium size-medium"" alt="""" srcset=""https://dab1nmslvvntp.cloudfront.net/wp-content/uploads/2019/02/155054796823-300x148.jpg 300w, https://dab1nmslvvntp.cloudfront.net/wp-content/uploads/2019/02/155054796823-768x379.jpg 768w, https://dab1nmslvvntp.cloudfront.net/wp-content/uploads/2019/02/155054796823.jpg 1000w"" sizes=""(max-width: 300px) 100vw, 300px"" /></a></p>\n",,,image,image/jpeg,1000,494,2019/02/155054796823.jpg,thumbnail,155054796823-150x150.jpg,150,150,image/jpeg,https://dab1nmslvvntp.cloudfront.net/wp-content/uploads/2019/02/155054796823-150x150.jpg,0,,,,0,,0,0,0,,0,171100,https://dab1nmslvvntp.cloudfront.net/wp-content/uploads/2019/02/155054796823.jpg,self,,https://www.sitepoint.com/wp-json/wp/v2/media/171125
171124,2019-02-18T19:46:07,2019-02-19T03:46:07,https://dab1nmslvvntp.cloudfront.net/wp-content/uploads/2019/02/155054796722.jpg,2019-02-18T19:46:07,2019-02-19T03:46:07,22-8,inherit,attachment,https://www.sitepoint.com/5-core-elements-for-building-award-winning-one-page-websites/22-8/,22,71109,open,closed,,"<p class=""attachment""><a href='https://dab1nmslvvntp.cloudfront.net/wp-content/uploads/2019/02/155054796722.jpg'><img width=""300"" height=""142"" src=""https://dab1nmslvvntp.cloudfront.net/wp-content/uploads/2019/02/155054796722-300x142.jpg"" class=""attachment-medium size-medium"" alt="""" srcset=""https://dab1nmslvvntp.cloudfront.net/wp-content/uploads/2019/02/155054796722-300x142.jpg 300w, https://dab1nmslvvntp.cloudfront.net/wp-content/uploads/2019/02/155054796722-768x363.jpg 768w, https://dab1nmslvvntp.cloudfront.net/wp-content/uploads/2019/02/155054796722.jpg 1000w"" sizes=""(max-width: 300px) 100vw, 300px"" /></a></p>\n",,,image,image/jpeg,1000,473,2019/02/155054796722.jpg,thumbnail,155054796722-150x150.jpg,150,150,image/jpeg,https://dab1nmslvvntp.cloudfront.net/wp-content/uploads/2019/02/155054796722-150x150.jpg,0,,,,0,,0,0,0,,0,171100,https://dab1nmslvvntp.cloudfront.net/wp-content/uploads/2019/02/155054796722.jpg,self,,https://www.sitepoint.com/wp-json/wp/v2/media/171124
171123,2019-02-18T19:46:06,2019-02-19T03:46:06,https://dab1nmslvvntp.cloudfront.net/wp-content/uploads/2019/02/155054796621.jpg,2019-02-18T19:46:06,2019-02-19T03:46:06,21-9,inherit,attachment,https://www.sitepoint.com/5-core-elements-for-building-award-winning-one-page-websites/21-9/,21,71109,open,closed,,"<p class=""attachment""><a href='https://dab1nmslvvntp.cloudfront.net/wp-content/uploads/2019/02/155054796621.jpg'><img width=""300"" height=""148"" src=""https://dab1nmslvvntp.cloudfront.net/wp-content/uploads/2019/02/155054796621-300x148.jpg"" class=""attachment-medium size-medium"" alt="""" srcset=""https://dab1nmslvvntp.cloudfront.net/wp-content/uploads/2019/02/155054796621-300x148.jpg 300w, https://dab1nmslvvntp.cloudfront.net/wp-content/uploads/2019/02/155054796621-768x379.jpg 768w, https://dab1nmslvvntp.cloudfront.net/wp-content/uploads/2019/02/155054796621.jpg 1000w"" sizes=""(max-width: 300px) 100vw, 300px"" /></a></p>\n",,,image,image/jpeg,1000,493,2019/02/155054796621.jpg,thumbnail,155054796621-150x150.jpg,150,150,image/jpeg,https://dab1nmslvvntp.cloudfront.net/wp-content/uploads/2019/02/155054796621-150x150.jpg,0,,,,0,,0,0,0,,0,171100,https://dab1nmslvvntp.cloudfront.net/wp-content/uploads/2019/02/155054796621.jpg,self,,https://www.sitepoint.com/wp-json/wp/v2/media/171123
171122,2019-02-18T19:46:06,2019-02-19T03:46:06,https://dab1nmslvvntp.cloudfront.net/wp-content/uploads/2019/02/155054796620.jpg,2019-02-18T19:46:06,2019-02-19T03:46:06,20-11,inherit,attachment,https://www.sitepoint.com/5-core-elements-for-building-award-winning-one-page-websites/20-11/,20,71109,open,closed,,"<p class=""attachment""><a href='https://dab1nmslvvntp.cloudfront.net/wp-content/uploads/2019/02/155054796620.jpg'><img width=""300"" height=""149"" src=""https://dab1nmslvvntp.cloudfront.net/wp-content/uploads/2019/02/155054796620-300x149.jpg"" class=""attachment-medium size-medium"" alt="""" srcset=""https://dab1nmslvvntp.cloudfront.net/wp-content/uploads/2019/02/155054796620-300x149.jpg 300w, https://dab1nmslvvntp.cloudfront.net/wp-content/uploads/2019/02/155054796620-768x382.jpg 768w, https://dab1nmslvvntp.cloudfront.net/wp-content/uploads/2019/02/155054796620.jpg 1000w"" sizes=""(max-width: 300px) 100vw, 300px"" /></a></p>\n",,,image,image/jpeg,1000,497,2019/02/155054796620.jpg,thumbnail,155054796620-150x150.jpg,150,150,image/jpeg,https://dab1nmslvvntp.cloudfront.net/wp-content/uploads/2019/02/155054796620-150x150.jpg,0,,,,0,,0,0,0,,0,171100,https://dab1nmslvvntp.cloudfront.net/wp-content/uploads/2019/02/155054796620.jpg,self,,https://www.sitepoint.com/wp-json/wp/v2/media/171122
,,,,,,,,,,,,,,,,,,,,,,,medium,155054796620-300x149.jpg,300,149,image/jpeg,https://dab1nmslvvntp.cloudfront.net/wp-content/uploads/2019/02/155054796620-300x149.jpg,,,,,,,,,,,,,,collection,,https://www.sitepoint.com/wp-json/wp/v2/media
,,,,,,,,,,,,,,,,,,,,,,,medium_large,155054796620-768x382.jpg,768,382,image/jpeg,https://dab1nmslvvntp.cloudfront.net/wp-content/uploads/2019/02/155054796620-768x382.jpg,,,,,,,,,,,,,,about,,https://www.sitepoint.com/wp-json/wp/v2/types/attachment
,,,,,,,,,,,,,,,,,,,,,,,full,155054796620.jpg,1000,497,image/jpeg,https://dab1nmslvvntp.cloudfront.net/wp-content/uploads/2019/02/155054796620.jpg,,,,,,,,,,,,,,author,TRUE,https://www.sitepoint.com/wp-json/wp/v2/users/71109